Sample_ID	Population_ID_1 (as in Reichlab)	Population_ID_2 (PCA)	Population_ID_3 (QPADM)-OLD	Population_ID_4 (QPADM)-NEW	MODEL1	MODEL2		#of ref/sources=10
Amm_Epi_LBA_1	Amm_Epi_LBA_1	Ammotopos_LBA	Ammotopos_LBA	Ammotopos_LBA	TARGET01	TARGET01		Anatolia_BA
Amm_Epi_LBA_2	Amm_Epi_LBA_2	Ammotopos_LBA	Ammotopos_LBA	Ammotopos_LBA	TARGET01	TARGET02		Balkan_EBA-Maros-like
ART001	Turkey_Arslantepe_EBA	Anatolia_EBA	Anatolia_EBA	Anatolia_BA				Balkans_BA
ART009	Turkey_Arslantepe_EBA	Anatolia_EBA	Anatolia_EBA	Anatolia_BA				Balkans_Yamnaya
ART010	Turkey_Arslantepe_EBA	Anatolia_EBA	Anatolia_EBA	Anatolia_BA				Greece_EBA_and_Minoan
ART011	Turkey_Arslantepe_EBA	Anatolia_EBA	Anatolia_EBA	Anatolia_BA				Greece_LBA
I14649_in.preparation	Turkey_EBA	Anatolia_EBA	Anatolia_EBA	Anatolia_BA				Italy_Sicily_LN2LBA
I14792	Turkey_EBA	Anatolia_EBA	Anatolia_EBA	Anatolia_BA				Neolithic_EastMed_1
I14794	Turkey_EBA	Anatolia_EBA	Anatolia_EBA	Anatolia_BA				Neolithic_EastMed_2
I14797	Turkey_EBA	Anatolia_EBA	Anatolia_EBA	Anatolia_BA				Thessaly_MBA-like
I14798	Turkey_EBA	Anatolia_EBA	Anatolia_EBA	Anatolia_BA				
I16580	Turkey_EBA	Anatolia_EBA	Anatolia_EBA	Anatolia_BA				
I2495	Turkey_EBA	Anatolia_EBA	Anatolia_EBA	Anatolia_BA				
I2495_noUDG	Turkey_EBA_noUDG	Anatolia_EBA	Anatolia_EBA	Anatolia_BA				
I2499	Turkey_EBA	Anatolia_EBA	Anatolia_EBA	Anatolia_BA				
I2499_noUDG	Turkey_EBA_noUDG	Anatolia_EBA	Anatolia_EBA	Anatolia_BA				
I2683	Turkey_EBA	Anatolia_EBA	Anatolia_EBA	Anatolia_BA				
I2683_noUDG	Turkey_EBA_noUDG	Anatolia_EBA	Anatolia_EBA	Anatolia_BA				
I4481	Turkey_EBA	Anatolia_EBA	Anatolia_EBA	Anatolia_BA				
I4614	Turkey_EBA	Anatolia_EBA	Anatolia_EBA	Anatolia_BA				
I4615	Turkey_EBA	Anatolia_EBA	Anatolia_EBA	Anatolia_BA				
I4616	Turkey_EBA	Anatolia_EBA	Anatolia_EBA	Anatolia_BA				
I4619	Turkey_EBA	Anatolia_EBA	Anatolia_EBA	Anatolia_BA				
I5733	Turkey_EBA	Anatolia_EBA	Anatolia_EBA	Anatolia_BA				
I5735	Turkey_EBA	Anatolia_EBA	Anatolia_EBA	Anatolia_BA				
I5740	Turkey_EBA	Anatolia_EBA	Anatolia_EBA	Anatolia_BA				
I5741	Turkey_EBA	Anatolia_EBA	Anatolia_EBA	Anatolia_BA				
I5742	Turkey_EBA	Anatolia_EBA	Anatolia_EBA	Anatolia_BA				
I5743	Turkey_EBA	Anatolia_EBA	Anatolia_EBA	Anatolia_BA				
I5744	Turkey_EBA	Anatolia_EBA	Anatolia_EBA	Anatolia_BA				
I7073	Turkey_EBA	Anatolia_EBA	Anatolia_EBA	Anatolia_BA				
I7079	Turkey_EBA	Anatolia_EBA	Anatolia_EBA	Anatolia_BA				
TIT012	Turkey_TitrisHoyuk_EBA	Anatolia_EBA	Anatolia_EBA	Anatolia_BA				
TIT021	Turkey_TitrisHoyuk_EBA	Anatolia_EBA	Anatolia_EBA	Anatolia_BA				
TIT025	Turkey_TitrisHoyuk_EBA	Anatolia_EBA	Anatolia_EBA	Anatolia_BA				
I14759	Turkey_MBA	Anatolia_MBA	Anatolia_MBA	Anatolia_BA				
I14761	Turkey_MBA	Anatolia_MBA	Anatolia_MBA	Anatolia_BA				
I14762	Turkey_MBA	Anatolia_MBA	Anatolia_MBA	Anatolia_BA				
I14784	Turkey_MBA	Anatolia_MBA	Anatolia_MBA	Anatolia_BA				
I14786	Turkey_MBA	Anatolia_MBA	Anatolia_MBA	Anatolia_BA				
I14788	Turkey_MBA	Anatolia_MBA	Anatolia_MBA	Anatolia_BA				
ALA001_d	Turkey_Alalakh_MLBA	Anatolia_MLBA	Anatolia_MLBA	Anatolia_BA				
ALA002	Turkey_Alalakh_MLBA	Anatolia_MLBA	Anatolia_MLBA	Anatolia_BA				
ALA004	Turkey_Alalakh_MLBA	Anatolia_MLBA	Anatolia_MLBA	Anatolia_BA				
ALA008	Turkey_Alalakh_MLBA	Anatolia_MLBA	Anatolia_MLBA	Anatolia_BA				
ALA011	Turkey_Alalakh_MLBA	Anatolia_MLBA	Anatolia_MLBA	Anatolia_BA				
ALA013	Turkey_Alalakh_MLBA	Anatolia_MLBA	Anatolia_MLBA	Anatolia_BA				
ALA014_d	Turkey_Alalakh_MLBA	Anatolia_MLBA	Anatolia_MLBA	Anatolia_BA				
ALA015	Turkey_Alalakh_MLBA	Anatolia_MLBA	Anatolia_MLBA	Anatolia_BA				
ALA016	Turkey_Alalakh_MLBA	Anatolia_MLBA	Anatolia_MLBA	Anatolia_BA				
ALA017	Turkey_Alalakh_MLBA	Anatolia_MLBA	Anatolia_MLBA	Anatolia_BA				
ALA018	Turkey_Alalakh_MLBA	Anatolia_MLBA	Anatolia_MLBA	Anatolia_BA				
ALA020	Turkey_Alalakh_MLBA	Anatolia_MLBA	Anatolia_MLBA	Anatolia_BA				
ALA023	Turkey_Alalakh_MLBA	Anatolia_MLBA	Anatolia_MLBA	Anatolia_BA				
ALA024	Turkey_Alalakh_MLBA	Anatolia_MLBA	Anatolia_MLBA	Anatolia_BA				
ALA025	Turkey_Alalakh_MLBA	Anatolia_MLBA	Anatolia_MLBA	Anatolia_BA				
ALA026	Turkey_Alalakh_MLBA	Anatolia_MLBA	Anatolia_MLBA	Anatolia_BA				
ALA028	Turkey_Alalakh_MLBA	Anatolia_MLBA	Anatolia_MLBA	Anatolia_BA				
ALA029	Turkey_Alalakh_MLBA	Anatolia_MLBA	Anatolia_MLBA	Anatolia_BA				
ALA030	Turkey_Alalakh_MLBA	Anatolia_MLBA	Anatolia_MLBA	Anatolia_BA				
ALA034	Turkey_Alalakh_MLBA	Anatolia_MLBA	Anatolia_MLBA	Anatolia_BA				
ALA035	Turkey_Alalakh_MLBA	Anatolia_MLBA	Anatolia_MLBA	Anatolia_BA				
ALA037	Turkey_Alalakh_MLBA	Anatolia_MLBA	Anatolia_MLBA	Anatolia_BA				
ALA039	Turkey_Alalakh_MLBA	Anatolia_MLBA	Anatolia_MLBA	Anatolia_BA				
ALA084	Turkey_Alalakh_MLBA	Anatolia_MLBA	Anatolia_MLBA	Anatolia_BA				
ALA095	Turkey_Alalakh_MLBA	Anatolia_MLBA	Anatolia_MLBA	Anatolia_BA				
ALA110_noUDG	Turkey_TellAtchana_MLBA	Anatolia_MLBA	Anatolia_MLBA	Anatolia_BA				
ALA118	Turkey_TellAtchana_MLBA	Anatolia_MLBA	Anatolia_MLBA	Anatolia_BA				
ALA120	Turkey_TellAtchana_MLBA	Anatolia_MLBA	Anatolia_MLBA	Anatolia_BA				
ALA123	Turkey_TellAtchana_MLBA	Anatolia_MLBA	Anatolia_MLBA	Anatolia_BA				
ALA124	Turkey_TellAtchana_MLBA	Anatolia_MLBA	Anatolia_MLBA	Anatolia_BA				
ALA128_noUDG	Turkey_TellAtchana_MLBA	Anatolia_MLBA	Anatolia_MLBA	Anatolia_BA				
ALA130_noUDG	Turkey_TellAtchana_MLBA	Anatolia_MLBA	Anatolia_MLBA	Anatolia_BA				
ALA131_noUDG	Turkey_TellAtchana_MLBA	Anatolia_MLBA	Anatolia_MLBA	Anatolia_BA				
ALA135_noUDG	Turkey_TellAtchana_MLBA	Anatolia_MLBA	Anatolia_MLBA	Anatolia_BA				
ALA136_noUDG	Turkey_TellAtchana_MLBA	Anatolia_MLBA	Anatolia_MLBA	Anatolia_BA				
ALA138_noUDG	Turkey_TellAtchana_MLBA	Anatolia_MLBA	Anatolia_MLBA	Anatolia_BA				
ZBC_IPB001.B-C0101_Luk2-Pinarbasi	Turkey_Epipaleolithic	Anatolia_HG	Anatolia_HG	Anatolia_HG	REF	REF		
I8432	Turkey_PPNA	Anatolia_PPNA	Anatolia_PPNA	Anatolia_PPNA	REF	REF		
I17912	Serbia_BA_Maros	Serbia_BA_Maros2	Serbia_BA_Maros2	Balkan_EBA-Maros-like				
I23210	Serbia_BA_Maros	Serbia_BA_Maros2	Serbia_BA_Maros2	Balkan_EBA-Maros-like				
I23211	Serbia_BA_Maros	Serbia_BA_Maros2	Serbia_BA_Maros2	Balkan_EBA-Maros-like				
I23206	Serbia_Mokrin_EBA_Maros	Serbia_Mokrin_EBA_Maros2	Serbia_Mokrin_EBA_Maros2	Balkan_EBA-Maros-like				
I23207	Serbia_Mokrin_EBA_Maros	Serbia_Mokrin_EBA_Maros2	Serbia_Mokrin_EBA_Maros2	Balkan_EBA-Maros-like				
I2534	Romania_IronGates_Mesolithic_oEHG	Balkan_EHG	Balkan_EHG	Balkan_EHG	REF	REF		
I1875	Croatia_Mesolithic_HG	Balkan_HG	Balkan_HG	Balkan_HG	REF	REF		
I17913	Serbia_BA_Maros	Serbia_BA_Maros1	Serbia_BA_Maros1	Balkans_BA				
I23209	Serbia_BA_Maros	Serbia_BA_Maros1	Serbia_BA_Maros1	Balkans_BA				
I16803	Serbia_Mokrin_EBA_Maros	Serbia_Mokrin_EBA_Maros1	Serbia_Mokrin_EBA_Maros1	Balkans_BA				
I23205	Serbia_Mokrin_EBA_Maros	Serbia_Mokrin_EBA_Maros1	Serbia_Mokrin_EBA_Maros1	Balkans_BA				
I23208	Serbia_Mokrin_EBA_Maros	Serbia_Mokrin_EBA_Maros1	Serbia_Mokrin_EBA_Maros1	Balkans_BA				
I23212	Serbia_Mokrin_EBA_Maros	Serbia_Mokrin_EBA_Maros1	Serbia_Mokrin_EBA_Maros1	Balkans_BA				
I14688	Albania_BA_IA	Albania_BA_to_IA	Albania_BA_to_IA	Balkans_BA				
I14690	Albania_BA_IA	Albania_BA_to_IA	Albania_BA_to_IA	Balkans_BA				
I14692	Albania_BA_IA	Albania_BA_to_IA	Albania_BA_to_IA	Balkans_BA				
I16251	Albania_BA_IA	Albania_BA_to_IA	Albania_BA_to_IA	Balkans_BA				
I16254	Albania_BA_IA	Albania_BA_to_IA	Albania_BA_to_IA	Balkans_BA				
I8471	Albania_MBA	Albania_BA_to_IA	Albania_BA_to_IA	Balkans_BA				
Bul6	Bulgaria_BeliBreyag_EBA	Bulgaria_BeliBreyag_EBA	Bulgaria_BeliBreyag_EBA	Balkans_BA				
Bul8	Bulgaria_BeliBreyag_EBA	Bulgaria_BeliBreyag_EBA	Bulgaria_BeliBreyag_EBA	Balkans_BA				
Bul10	Bulgaria_EBA_Ezero	Bulgaria_EBA	Bulgaria_EBA	Balkans_BA				
I19451	Bulgaria_EBA	Bulgaria_EBA	Bulgaria_EBA	Balkans_BA				
I19452	Bulgaria_EBA	Bulgaria_EBA	Bulgaria_EBA	Balkans_BA				
I19453	Bulgaria_EBA	Bulgaria_EBA	Bulgaria_EBA	Balkans_BA				
I19454	Bulgaria_EBA	Bulgaria_EBA	Bulgaria_EBA	Balkans_BA				
I19456_d	Bulgaria_EBA	Bulgaria_EBA	Bulgaria_EBA	Balkans_BA				
I19456_v54.1_addback	Bulgaria_EBA	Bulgaria_EBA	Bulgaria_EBA	Balkans_BA				
I19459	Bulgaria_EBA	Bulgaria_EBA	Bulgaria_EBA	Balkans_BA				
I19460	Bulgaria_EBA	Bulgaria_EBA	Bulgaria_EBA	Balkans_BA				
I19462	Bulgaria_EBA	Bulgaria_EBA	Bulgaria_EBA	Balkans_BA				
I20182	Bulgaria_EBA_MBA	Bulgaria_EBA	Bulgaria_EBA	Balkans_BA				
I2175	Bulgaria_EBA	Bulgaria_EBA	Bulgaria_EBA	Balkans_BA				
I2180	Bulgaria_EBA	Bulgaria_EBA	Bulgaria_EBA	Balkans_BA				
I2520	Bulgaria_EBA	Bulgaria_EBA	Bulgaria_EBA	Balkans_BA				
I18712	Croatia_BA	Croatia_BA	Croatia_BA	Balkans_BA				
I18748	Croatia_BA	Croatia_BA	Croatia_BA	Balkans_BA				
I24345	Croatia_LBA_EIA	Croatia_LBA	Croatia_LBA	Balkans_BA				
I26742	Croatia_LBA_EIA	Croatia_LBA	Croatia_LBA	Balkans_BA				
I11843	Croatia_MBA_Cetina	Croatia_MBA	Croatia_MBA	Balkans_BA				
I18088	Croatia_MBA_Cetina	Croatia_MBA	Croatia_MBA	Balkans_BA				
I18745	Croatia_MBA_Cetina	Croatia_MBA	Croatia_MBA	Balkans_BA				
I18746	Croatia_MBA_Cetina	Croatia_MBA	Croatia_MBA	Balkans_BA				
I18747	Croatia_MBA_Cetina	Croatia_MBA	Croatia_MBA	Balkans_BA				
I18752	Croatia_MBA_Cetina	Croatia_MBA	Croatia_MBA	Balkans_BA				
I19017	Croatia_MBA_Cetina	Croatia_MBA	Croatia_MBA	Balkans_BA				
I19025	Croatia_MBA_Cetina	Croatia_MBA	Croatia_MBA	Balkans_BA				
I19026	Croatia_MBA_Cetina	Croatia_MBA	Croatia_MBA	Balkans_BA				
I19027	Croatia_MBA_Cetina	Croatia_MBA	Croatia_MBA	Balkans_BA				
I19029	Croatia_MBA_Cetina	Croatia_MBA	Croatia_MBA	Balkans_BA				
I19032	Croatia_MBA_Cetina	Croatia_MBA	Croatia_MBA	Balkans_BA				
I24342	Croatia_MBA	Croatia_MBA	Croatia_MBA	Balkans_BA				
I26773	Croatia_MBA	Croatia_MBA	Croatia_MBA	Balkans_BA				
I26774	Croatia_MBA	Croatia_MBA	Croatia_MBA	Balkans_BA				
I26893	Croatia_MBA	Croatia_MBA	Croatia_MBA	Balkans_BA				
I4331	Croatia_MBA	Croatia_MBA	Croatia_MBA	Balkans_BA				
I4332	Croatia_MBA	Croatia_MBA	Croatia_MBA	Balkans_BA				
I5073	Croatia_MBA	Croatia_MBA	Croatia_MBA	Balkans_BA				
I5074	Croatia_MBA	Croatia_MBA	Croatia_MBA	Balkans_BA				
I5080	Croatia_MBA	Croatia_MBA	Croatia_MBA	Balkans_BA				
JAG34_noUDG.SG	Croatia_Jagodnjak_MBA.SG	Croatia_MBA	Croatia_MBA	Balkans_BA				
JAG58_noUDG.SG	Croatia_Jagodnjak_MBA.SG	Croatia_MBA	Croatia_MBA	Balkans_BA				
JAG78_noUDG.SG	Croatia_Jagodnjak_MBA.SG	Croatia_MBA	Croatia_MBA	Balkans_BA				
JAG82_noUDG.SG	Croatia_Jagodnjak_MBA.SG	Croatia_MBA	Croatia_MBA	Balkans_BA				
JAG85_noUDG.SG	Croatia_Jagodnjak_MBA.SG	Croatia_MBA	Croatia_MBA	Balkans_BA				
JAG93_noUDG.SG	Croatia_Jagodnjak_MBA.SG	Croatia_MBA	Croatia_MBA	Balkans_BA				
I18071	Croatia_MLBA	Croatia_MLBA	Croatia_MLBA	Balkans_BA				
I18072	Croatia_MLBA	Croatia_MLBA	Croatia_MLBA	Balkans_BA				
I18073	Croatia_MLBA	Croatia_MLBA	Croatia_MLBA	Balkans_BA				
I18074	Croatia_MLBA	Croatia_MLBA	Croatia_MLBA	Balkans_BA				
I18075	Croatia_MLBA	Croatia_MLBA	Croatia_MLBA	Balkans_BA				
I18077	Croatia_MLBA	Croatia_MLBA	Croatia_MLBA	Balkans_BA				
I18078	Croatia_MLBA	Croatia_MLBA	Croatia_MLBA	Balkans_BA				
I18079	Croatia_MLBA	Croatia_MLBA	Croatia_MLBA	Balkans_BA				
I18082	Croatia_MLBA	Croatia_MLBA	Croatia_MLBA	Balkans_BA				
I18087	Croatia_MLBA	Croatia_MLBA	Croatia_MLBA	Balkans_BA				
I18413	Croatia_MLBA	Croatia_MLBA	Croatia_MLBA	Balkans_BA				
I18414_d	Croatia_MLBA	Croatia_MLBA	Croatia_MLBA	Balkans_BA				
I18415	Croatia_MLBA	Croatia_MLBA	Croatia_MLBA	Balkans_BA				
I18416	Croatia_MLBA	Croatia_MLBA	Croatia_MLBA	Balkans_BA				
I18417	Croatia_MLBA	Croatia_MLBA	Croatia_MLBA	Balkans_BA				
I18720	Croatia_MLBA	Croatia_MLBA	Croatia_MLBA	Balkans_BA				
I18721	Croatia_MLBA	Croatia_MLBA	Croatia_MLBA	Balkans_BA				
I18722	Croatia_MLBA	Croatia_MLBA	Croatia_MLBA	Balkans_BA				
I18723	Croatia_MLBA	Croatia_MLBA	Croatia_MLBA	Balkans_BA				
I18724	Croatia_MLBA	Croatia_MLBA	Croatia_MLBA	Balkans_BA				
I18725	Croatia_MLBA	Croatia_MLBA	Croatia_MLBA	Balkans_BA				
I18727	Croatia_MLBA	Croatia_MLBA	Croatia_MLBA	Balkans_BA				
I18729	Croatia_MLBA	Croatia_MLBA	Croatia_MLBA	Balkans_BA				
I18730	Croatia_MLBA	Croatia_MLBA	Croatia_MLBA	Balkans_BA				
I18732	Croatia_MLBA	Croatia_MLBA	Croatia_MLBA	Balkans_BA				
I18733	Croatia_MLBA	Croatia_MLBA	Croatia_MLBA	Balkans_BA				
I18734	Croatia_MLBA	Croatia_MLBA	Croatia_MLBA	Balkans_BA				
I18737	Croatia_MLBA	Croatia_MLBA	Croatia_MLBA	Balkans_BA				
I18738	Croatia_MLBA	Croatia_MLBA	Croatia_MLBA	Balkans_BA				
I18739	Croatia_MLBA	Croatia_MLBA	Croatia_MLBA	Balkans_BA				
RISE595_noUDG.SG	Montenegro_LBA.SG	Montenegro_LBA	Montenegro_LBA	Balkans_BA				
I13167	Montenegro_MLBA	Montenegro_MLBA	Montenegro_MLBA	Balkans_BA				
I13168	Montenegro_MLBA	Montenegro_MLBA	Montenegro_MLBA	Balkans_BA				
I13169	Montenegro_MLBA	Montenegro_MLBA	Montenegro_MLBA	Balkans_BA				
I13171	Montenegro_MLBA	Montenegro_MLBA	Montenegro_MLBA	Balkans_BA				
I13172	Montenegro_MLBA	Montenegro_MLBA	Montenegro_MLBA	Balkans_BA				
I13775	Montenegro_MLBA	Montenegro_MLBA	Montenegro_MLBA	Balkans_BA				
I13778	Montenegro_MLBA	Montenegro_MLBA	Montenegro_MLBA	Balkans_BA				
I14498	Montenegro_MLBA	Montenegro_MLBA	Montenegro_MLBA	Balkans_BA				
I14500	Montenegro_MLBA	Montenegro_MLBA	Montenegro_MLBA	Balkans_BA				
I14501	Montenegro_MLBA	Montenegro_MLBA	Montenegro_MLBA	Balkans_BA				
I7231	Macedonia_BA	NorthMakedonia_BA	NorthMakedonia_BA	Balkans_BA				
I16814	Serbia_LBA	Serbia_LBA	Serbia_LBA	Balkans_BA				
I18793	Bulgaria_EBA_Yamnaya	Bulgaria_EBA_Yamnaya	Bulgaria_EBA_Yamnaya	Balkans_Yamnaya				
I18794	Bulgaria_EBA_Yamnaya	Bulgaria_EBA_Yamnaya	Bulgaria_EBA_Yamnaya	Balkans_Yamnaya				
I18801_d	Bulgaria_EBA_Yamnaya	Bulgaria_EBA_Yamnaya	Bulgaria_EBA_Yamnaya	Balkans_Yamnaya				
I2163	Bulgaria_MLBA	Bulgaria_MLBA_Yamnaya-like	Bulgaria_MLBA_Yamnaya-like	Balkans_Yamnaya				
I11446	Serbia_EBA_Yamnaya	Serbia_EBA_Yamnaya	Serbia_EBA_Yamnaya	Balkans_Yamnaya				
I0231	Russia_Samara_EBA_Yamnaya	Caucasus_EBA_Yamnaya	Caucasus_EBA_Yamnaya	Caucasus_EBA_Yamnaya	REF	REF		
I0357	Russia_Samara_EBA_Yamnaya	Caucasus_EBA_Yamnaya	Caucasus_EBA_Yamnaya	Caucasus_EBA_Yamnaya	REF	REF		
I0370	Russia_Samara_EBA_Yamnaya	Caucasus_EBA_Yamnaya	Caucasus_EBA_Yamnaya	Caucasus_EBA_Yamnaya	REF	REF		
I0429	Russia_Samara_EBA_Yamnaya	Caucasus_EBA_Yamnaya	Caucasus_EBA_Yamnaya	Caucasus_EBA_Yamnaya	REF	REF		
I0438	Russia_Samara_EBA_Yamnaya	Caucasus_EBA_Yamnaya	Caucasus_EBA_Yamnaya	Caucasus_EBA_Yamnaya	REF	REF		
I0439	Russia_Samara_EBA_Yamnaya	Caucasus_EBA_Yamnaya	Caucasus_EBA_Yamnaya	Caucasus_EBA_Yamnaya	REF	REF		
I0441	Russia_Samara_EBA_Yamnaya	Caucasus_EBA_Yamnaya	Caucasus_EBA_Yamnaya	Caucasus_EBA_Yamnaya	REF	REF		
I0443	Russia_Samara_EBA_Yamnaya	Caucasus_EBA_Yamnaya	Caucasus_EBA_Yamnaya	Caucasus_EBA_Yamnaya	REF	REF		
I0444	Russia_Samara_EBA_Yamnaya	Caucasus_EBA_Yamnaya	Caucasus_EBA_Yamnaya	Caucasus_EBA_Yamnaya	REF	REF		
I7489	Russia_Samara_EBA_Yamnaya	Caucasus_EBA_Yamnaya	Caucasus_EBA_Yamnaya	Caucasus_EBA_Yamnaya	REF	REF		
RK1001	Russia_Caucasus_EBA_Yamnaya	Caucasus_EBA_Yamnaya	Caucasus_EBA_Yamnaya	Caucasus_EBA_Yamnaya	REF	REF		
RK1007	Russia_Caucasus_EBA_Yamnaya	Caucasus_EBA_Yamnaya	Caucasus_EBA_Yamnaya	Caucasus_EBA_Yamnaya	REF	REF		
ZO2002	Russia_Caucasus_EBA_Yamnaya	Caucasus_EBA_Yamnaya	Caucasus_EBA_Yamnaya	Caucasus_EBA_Yamnaya	REF	REF		
HGC001	HgCharalambos_EMBA	Crete_EMBA	Crete_Minoan	Greece_EBA_and_Minoan				
HGC003	HgCharalambos_EMBA	Crete_EMBA	Crete_Minoan	Greece_EBA_and_Minoan				
HGC005	HgCharalambos_EMBA	Crete_EMBA	Crete_Minoan	Greece_EBA_and_Minoan				
HGC006	HgCharalambos_EMBA	Crete_EMBA	Crete_Minoan	Greece_EBA_and_Minoan				
HGC008	HgCharalambos_EMBA	Crete_EMBA	Crete_Minoan	Greece_EBA_and_Minoan				
HGC009	HgCharalambos_EMBA	Crete_EMBA	Crete_Minoan	Greece_EBA_and_Minoan				
HGC010	HgCharalambos_EMBA	Crete_EMBA	Crete_Minoan	Greece_EBA_and_Minoan				
HGC011	HgCharalambos_EMBA	Crete_EMBA	Crete_Minoan	Greece_EBA_and_Minoan				
HGC015	HgCharalambos_EMBA	Crete_EMBA	Crete_Minoan	Greece_EBA_and_Minoan				
HGC017	HgCharalambos_EMBA	Crete_EMBA	Crete_Minoan	Greece_EBA_and_Minoan				
HGC018	HgCharalambos_EMBA	Crete_EMBA	Crete_Minoan	Greece_EBA_and_Minoan				
HGC020	HgCharalambos_EMBA	Crete_EMBA	Crete_Minoan	Greece_EBA_and_Minoan				
HGC024	HgCharalambos_EMBA	Crete_EMBA	Crete_Minoan	Greece_EBA_and_Minoan				
HGC025	HgCharalambos_EMBA	Crete_EMBA	Crete_Minoan	Greece_EBA_and_Minoan				
HGC027	HgCharalambos_EMBA	Crete_EMBA	Crete_Minoan	Greece_EBA_and_Minoan				
HGC031	HgCharalambos_EMBA	Crete_EMBA	Crete_Minoan	Greece_EBA_and_Minoan				
HGC032	HgCharalambos_EMBA	Crete_EMBA	Crete_Minoan	Greece_EBA_and_Minoan				
HGC037	HgCharalambos_EMBA	Crete_EMBA	Crete_Minoan	Greece_EBA_and_Minoan				
HGC040	HgCharalambos_EMBA	Crete_EMBA	Crete_Minoan	Greece_EBA_and_Minoan				
HGC041	HgCharalambos_EMBA	Crete_EMBA	Crete_Minoan	Greece_EBA_and_Minoan				
HGC053	HgCharalambos_EMBA	Crete_EMBA	Crete_Minoan	Greece_EBA_and_Minoan				
HGC055	HgCharalambos_EMBA	Crete_EMBA	Crete_Minoan	Greece_EBA_and_Minoan				
I0070	Greece_Minoan_Lassithi	Greece	Crete_Minoan	Greece_EBA_and_Minoan				
I0071	Greece_Minoan_Lassithi	Greece	Crete_Minoan	Greece_EBA_and_Minoan				
I0073	Greece_Minoan_Lassithi	Greece	Crete_Minoan	Greece_EBA_and_Minoan				
I0074	Greece_Minoan_Lassithi	Greece	Crete_Minoan	Greece_EBA_and_Minoan				
I14916	Greece_MiddleMinoan	Crete_MBA	Crete_Minoan	Greece_EBA_and_Minoan				
I9005	Greece_Minoan_Lassithi	Greece	Crete_Minoan	Greece_EBA_and_Minoan				
I9127	Greece_Minoan_Odigitria	Greece	Crete_Minoan	Greece_EBA_and_Minoan				
I9128	Greece_Minoan_Odigitria	Greece	Crete_Minoan	Greece_EBA_and_Minoan				
I9129	Greece_Minoan_Odigitria	Greece	Crete_Minoan	Greece_EBA_and_Minoan				
I9130	Greece_Minoan_Odigitria	Greece	Crete_Minoan	Greece_EBA_and_Minoan				
I9131	Greece_Minoan_Odigitria	Greece	Crete_Minoan	Greece_EBA_and_Minoan				
Pta08.SG	Greece_Minoan_Kephala_Petras.SG	Greece	Crete_Minoan	Greece_EBA_and_Minoan				
Kou01.SG	Greece_Koufonisi_Cycladic_EBA.SG	Cyclades_EBA	Cyclades_EBA	Greece_EBA_and_Minoan				
Kou03.SG	Greece_Koufonisi_Cycladic_EBA.SG	Cyclades_EBA	Cyclades_EBA	Greece_EBA_and_Minoan				
LAZ017	Lazarides_EBA	Saronikos_EBA	Saronikos_EBA	Greece_EBA_and_Minoan				
Mik15.SG	Greece_Manika_Helladic_EBA.SG	Sterea_Ellada_EBA	Sterea_Ellada_EBA	Greece_EBA_and_Minoan				
NST001	NeaStyra_EBA	Sterea_Ellada_EBA	Sterea_Ellada_EBA	Greece_EBA_and_Minoan				
NST004	NeaStyra_EBA	Sterea_Ellada_EBA	Sterea_Ellada_EBA	Greece_EBA_and_Minoan				
NST005	NeaStyra_EBA	Sterea_Ellada_EBA	Sterea_Ellada_EBA	Greece_EBA_and_Minoan				
NST010	NeaStyra_EBA	Sterea_Ellada_EBA	Sterea_Ellada_EBA	Greece_EBA_and_Minoan				
NST012	NeaStyra_EBA	Sterea_Ellada_EBA	Sterea_Ellada_EBA	Greece_EBA_and_Minoan				
APO022	Aposelemis_LBA	Crete_LBA	Crete_LBA	Greece_LBA				
APO023	Aposelemis_LBA	Crete_LBA	Crete_LBA	Greece_LBA				
APO025	Aposelemis_LBA	Crete_LBA	Crete_LBA	Greece_LBA				
I9123	Greece_Crete_Armenoi	Crete_LBA	Crete_LBA	Greece_LBA				
KRO008	Krousonas_LBA	Crete_LBA	Crete_LBA	Greece_LBA				
XAN003	Chania_LBA	Crete_LBA	Crete_LBA	Greece_LBA				
XAN007	Chania_LBA	Crete_LBA	Crete_LBA	Greece_LBA				
XAN013	Chania_LBA	Crete_LBA	Crete_LBA	Greece_LBA				
XAN014	Chania_LBA	Crete_LBA	Crete_LBA	Greece_LBA				
XAN015	Chania_LBA	Crete_LBA	Crete_LBA	Greece_LBA				
XAN017	Chania_LBA	Crete_LBA	Crete_LBA	Greece_LBA				
XAN018	Chania_LBA	Crete_LBA	Crete_LBA	Greece_LBA				
XAN021	Chania_LBA	Crete_LBA	Crete_LBA	Greece_LBA				
XAN022	Chania_LBA	Crete_LBA	Crete_LBA	Greece_LBA				
XAN023	Chania_LBA	Crete_LBA	Crete_LBA	Greece_LBA				
XAN024	Chania_LBA	Crete_LBA	Crete_LBA	Greece_LBA				
XAN025	Chania_LBA	Crete_LBA	Crete_LBA	Greece_LBA				
XAN026	Chania_LBA	Crete_LBA	Crete_LBA	Greece_LBA				
XAN027	Chania_LBA	Crete_LBA	Crete_LBA	Greece_LBA				
XAN028	Chania_LBA	Crete_LBA	Crete_LBA	Greece_LBA				
XAN029	Chania_LBA	Crete_LBA	Crete_LBA	Greece_LBA				
XAN031	Chania_LBA	Crete_LBA	Crete_LBA	Greece_LBA				
XAN034	Chania_LBA	Crete_LBA	Crete_LBA	Greece_LBA				
XAN035	Chania_LBA	Crete_LBA	Crete_LBA	Greece_LBA				
XAN036	Chania_LBA	Crete_LBA	Crete_LBA	Greece_LBA				
XAN040	Chania_LBA	Crete_LBA	Crete_LBA	Greece_LBA				
XAN041	Chania_LBA	Crete_LBA	Crete_LBA	Greece_LBA				
XAN042	Chania_LBA	Crete_LBA	Crete_LBA	Greece_LBA				
XAN053	Chania_LBA	Crete_LBA	Crete_LBA	Greece_LBA				
KUK001	Koukounaries_LBA	Cyclades_LBA	Cyclades_LBA	Greece_LBA				
KUK002	Koukounaries_LBA	Cyclades_LBA	Cyclades_LBA	Greece_LBA				
KUK005	Koukounaries_LBA	Cyclades_LBA	Cyclades_LBA	Greece_LBA				
KUK006	Koukounaries_LBA	Cyclades_LBA	Cyclades_LBA	Greece_LBA				
AID001	Aidonia_LBA	Peloponnese_LBA	Peloponnese_LBA	Greece_LBA				
AID007	Aidonia_LBA	Peloponnese_LBA	Peloponnese_LBA	Greece_LBA				
AID009	Aidonia_LBA	Peloponnese_LBA	Peloponnese_LBA	Greece_LBA				
AID010	Aidonia_LBA	Peloponnese_LBA	Peloponnese_LBA	Greece_LBA				
AID017	Aidonia_LBA	Peloponnese_LBA	Peloponnese_LBA	Greece_LBA				
I13514	Greece_BA_Mycenaean	Peloponnese_LBA	Peloponnese_LBA	Greece_LBA				
I13516	Greece_BA_Mycenaean	Peloponnese_LBA	Peloponnese_LBA	Greece_LBA				
I13518	Greece_BA_Mycenaean	Peloponnese_LBA	Peloponnese_LBA	Greece_LBA				
I13519_d	Greece_BA_Mycenaean	Peloponnese_LBA	Peloponnese_LBA	Greece_LBA				
I14872	Greece_BA_Mycenaean	Peloponnese_LBA	Peloponnese_LBA	Greece_LBA				
I15571	Greece_BA_Mycenaean	Peloponnese_LBA	Peloponnese_LBA	Greece_LBA				
I15582	Greece_BA_Mycenaean	Peloponnese_LBA	Peloponnese_LBA	Greece_LBA				
I16709	Greece_BA_Mycenaean	Peloponnese_LBA	Peloponnese_LBA	Greece_LBA				
I19366	Greece_BA_Mycenaean	Peloponnese_LBA	Peloponnese_LBA	Greece_LBA				
I19368	Greece_BA_Mycenaean	Peloponnese_LBA	Peloponnese_LBA	Greece_LBA				
I9006	Greece_BA_Mycenaean	Peloponnese_LBA	Peloponnese_LBA	Greece_LBA				
I9010	Greece_BA_Mycenaean	Peloponnese_LBA	Peloponnese_LBA	Greece_LBA				
I9033	Greece_BA_Mycenaean_Pylos	Peloponnese_LBA	Peloponnese_LBA	Greece_LBA				
I9041	Greece_BA_Mycenaean	Peloponnese_LBA	Peloponnese_LBA	Greece_LBA				
MYG003	Mygdalia_LBA	Peloponnese_LBA	Peloponnese_LBA	Greece_LBA				
MYG004	Mygdalia_LBA	Peloponnese_LBA	Peloponnese_LBA	Greece_LBA				
TIR001	Tiryns_LBA	Peloponnese_LBA	Peloponnese_LBA	Greece_LBA				
TIR002	Tiryns_LBA	Peloponnese_LBA	Peloponnese_LBA	Greece_LBA				
TIR010	Tiryns_LBA	Peloponnese_LBA	Peloponnese_LBA	Greece_LBA				
LAZ018	Lazarides_LBA	Saronikos_LBA	Saronikos_LBA	Greece_LBA				
LAZ019	Lazarides_LBA	Saronikos_LBA	Saronikos_LBA	Greece_LBA				
LAZ020	Lazarides_LBA	Saronikos_LBA	Saronikos_LBA	Greece_LBA				
LAZ021	Lazarides_LBA	Saronikos_LBA	Saronikos_LBA	Greece_LBA				
GLI002	GlykaNera_LBA	Sterea_Ellada_LBA	Sterea_Ellada_LBA	Greece_LBA				
GLI003	GlykaNera_LBA	Sterea_Ellada_LBA	Sterea_Ellada_LBA	Greece_LBA				
I13428	Greece_Delphi_BA_Mycenaean	Sterea_Ellada_LBA	Sterea_Ellada_LBA	Greece_LBA				
I13433	Greece_Delphi_BA_Mycenaean	Sterea_Ellada_LBA	Sterea_Ellada_LBA	Greece_LBA				
I13531	Greece_Delphi_BA_Mycenaean	Sterea_Ellada_LBA	Sterea_Ellada_LBA	Greece_LBA				
I13577	Greece_Delphi_BA_Mycenaean	Sterea_Ellada_LBA	Sterea_Ellada_LBA	Greece_LBA				
I13578	Greece_Delphi_BA_Mycenaean	Sterea_Ellada_LBA	Sterea_Ellada_LBA	Greece_LBA				
I13579	Greece_Delphi_BA_Mycenaean	Sterea_Ellada_LBA	Sterea_Ellada_LBA	Greece_LBA				
I13580	Greece_Delphi_BA_Mycenaean	Sterea_Ellada_LBA	Sterea_Ellada_LBA	Greece_LBA				
I6420_d	Greece_LBA	Sterea_Ellada_LBA	Sterea_Ellada_LBA	Greece_LBA				
Amv_Epi_Arch_1	Amv_Epi_Arch_1	Amvrakia_Archaic	Amvrakia_Archaic	Ignore				
Amv_Epi_Arch_2	Amv_Epi_Arch_2	Amvrakia_Archaic	Amvrakia_Archaic	Ignore				
Amv_Epi_Arch_3	Amv_Epi_Arch_3	Amvrakia_Archaic	Amvrakia_Archaic	Ignore				
Amv_Epi_Archaic_to_Roman	Amv_Epi_Archaic_to_Roman	Amvrakia_Archaic_to_Roman	Amvrakia_Archaic_to_Roman	Ignore				
Amv_Epi_Cl_1	Amv_Epi_Cl_1	Amvrakia_Classic	Amvrakia_Classic	Ignore				
Amv_Epi_Cl_2	Amv_Epi_Cl_2	Amvrakia_Classic	Amvrakia_Classic	Ignore				
Amv_Epi_Cl_3	Amv_Epi_Cl_3	Amvrakia_Classic	Amvrakia_Classic	Ignore				
Amv_Epi_Cl_4	Amv_Epi_Cl_4	Amvrakia_Classic	Amvrakia_Classic	Ignore				
Amv_Epi_Cl_5	Amv_Epi_Cl_5	Amvrakia_Classic	Amvrakia_Classic	Ignore				
Amv_Epi_Cl_6	Amv_Epi_Cl_6	Amvrakia_Classic	Amvrakia_Classic	Ignore				
Amv_Epi_Hel_1	Amv_Epi_Hel_1	Amvrakia_Hellenistic	Amvrakia_Hellenistic	Ignore				
Amv_Epi_Hel_2	Amv_Epi_Hel_2	Amvrakia_Hellenistic	Amvrakia_Hellenistic	Ignore				
Amv_Epi_Hel_3	Amv_Epi_Hel_3	Amvrakia_Hellenistic	Amvrakia_Hellenistic	Ignore				
Amv_Epi_Hel_4	Amv_Epi_Hel_4	Amvrakia_Hellenistic	Amvrakia_Hellenistic	Ignore				
Amv_Epi_LateCl_to_Hel	Amv_Epi_LateCl_to_Hel	Amvrakia_LateClassic_Hellenistic	Amvrakia_LateClassic_Hellenistic	Ignore				
I20224	Turkey_Archaic_SubGeometric	Anatolia_Archaic	Anatolia_Archaic	Ignore				
I20227	Turkey_Archaic_SubGeometric	Anatolia_Archaic	Anatolia_Archaic	Ignore				
I20228	Turkey_Archaic_SubGeometric	Anatolia_Archaic	Anatolia_Archaic	Ignore				
I20229	Turkey_Archaic_SubGeometric	Anatolia_Archaic	Anatolia_Archaic	Ignore				
I20230	Turkey_Archaic_SubGeometric	Anatolia_Archaic	Anatolia_Archaic	Ignore				
I20231	Turkey_Archaic_SubGeometric	Anatolia_Archaic	Anatolia_Archaic	Ignore				
I20232	Turkey_Archaic_SubGeometric	Anatolia_Archaic	Anatolia_Archaic	Ignore				
I20233	Turkey_Archaic_SubGeometric	Anatolia_Archaic	Anatolia_Archaic	Ignore				
I20257	Turkey_Archaic_SubGeometric	Anatolia_Archaic	Anatolia_Archaic	Ignore				
I20258	Turkey_Archaic_SubGeometric	Anatolia_Archaic	Anatolia_Archaic	Ignore				
I3225_noUDG	Turkey_Hellenistic	Anatolia_Hellenistic	Anatolia_Hellenistic	Ignore				
I3308	Turkey_Hellenistic	Anatolia_Hellenistic	Anatolia_Hellenistic	Ignore				
I3309	Turkey_Hellenistic	Anatolia_Hellenistic	Anatolia_Hellenistic	Ignore				
I3310	Turkey_Hellenistic	Anatolia_Hellenistic	Anatolia_Hellenistic	Ignore				
I3311	Turkey_Hellenistic	Anatolia_Hellenistic	Anatolia_Hellenistic	Ignore				
I3916	Turkey_Hellenistic	Anatolia_Hellenistic	Anatolia_Hellenistic	Ignore				
I4030_noUDG	Turkey_Hellenistic_noUDG	Anatolia_Hellenistic	Anatolia_Hellenistic	Ignore				
I4472	Turkey_Hellenistic	Anatolia_Hellenistic	Anatolia_Hellenistic	Ignore				
I5228	Turkey_Hellenistic	Anatolia_Hellenistic	Anatolia_Hellenistic	Ignore				
I5255	Turkey_Hellenistic	Anatolia_Hellenistic	Anatolia_Hellenistic	Ignore				
I6573	Turkey_Hellenistic	Anatolia_Hellenistic	Anatolia_Hellenistic	Ignore				
I6574	Turkey_Hellenistic	Anatolia_Hellenistic	Anatolia_Hellenistic	Ignore				
I14635	Turkey_IA	Anatolia_IA	Anatolia_IA	Ignore				
I14636	Turkey_IA	Anatolia_IA	Anatolia_IA	Ignore				
I14644	Turkey_IA	Anatolia_IA	Anatolia_IA	Ignore				
I14734	Turkey_IA	Anatolia_IA	Anatolia_IA	Ignore				
I14765	Turkey_IA	Anatolia_IA	Anatolia_IA	Ignore				
I19612	Turkey_IA	Anatolia_IA	Anatolia_IA	Ignore				
I20577	Turkey_IA	Anatolia_IA	Anatolia_IA	Ignore				
I3917_noUDG	Turkey_Persian_noUDG	Anatolia_Persian	Anatolia_Persian	Ignore				
I14799	Turkey_Roman_2	Anatolia_Roman	Anatolia_Roman	Ignore				
I14845	Turkey_Roman_5	Anatolia_Roman	Anatolia_Roman	Ignore				
I16584	Turkey_Roman_2	Anatolia_Roman	Anatolia_Roman	Ignore				
I20000	Turkey_Roman_5	Anatolia_Roman	Anatolia_Roman	Ignore				
I20001	Turkey_Roman_5	Anatolia_Roman	Anatolia_Roman	Ignore				
I20139	Turkey_Roman_5	Anatolia_Roman	Anatolia_Roman	Ignore				
I4529	Turkey_Roman_1	Anatolia_Roman	Anatolia_Roman	Ignore				
I4530	Turkey_Roman_4	Anatolia_Roman	Anatolia_Roman	Ignore				
I4531	Turkey_Roman_1	Anatolia_Roman	Anatolia_Roman	Ignore				
I15844	Bulgaria_EIA	Bulgaria_EIA	Bulgaria_EIA	Ignore				
I19481	Bulgaria_EIA	Bulgaria_EIA	Bulgaria_EIA	Ignore				
I19487	Bulgaria_EIA	Bulgaria_EIA	Bulgaria_EIA	Ignore				
I19490	Bulgaria_EIA	Bulgaria_EIA	Bulgaria_EIA	Ignore				
I19493_in.preparation	Bulgaria_EIA	Bulgaria_EIA	Bulgaria_EIA	Ignore				
I19494	Bulgaria_EIA	Bulgaria_EIA	Bulgaria_EIA	Ignore				
I19497	Bulgaria_EIA	Bulgaria_EIA	Bulgaria_EIA	Ignore				
I19500	Bulgaria_LIA	Bulgaria_EIA	Bulgaria_EIA	Ignore				
I20180	Bulgaria_EIA	Bulgaria_EIA	Bulgaria_EIA	Ignore				
I20181	Bulgaria_EIA	Bulgaria_EIA	Bulgaria_EIA	Ignore				
I20183	Bulgaria_EIA	Bulgaria_EIA	Bulgaria_EIA	Ignore				
I20184	Bulgaria_EIA	Bulgaria_EIA	Bulgaria_EIA	Ignore				
I20185	Bulgaria_EIA	Bulgaria_EIA	Bulgaria_EIA	Ignore				
I20186	Bulgaria_EIA	Bulgaria_EIA	Bulgaria_EIA	Ignore				
I5769	Bulgaria_IA	Bulgaria_EIA	Bulgaria_EIA	Ignore				
I23904	Croatia_EIA	Croatia_EIA	Croatia_EIA	Ignore				
I23911	Croatia_EIA	Croatia_EIA	Croatia_EIA	Ignore				
I23995	Croatia_EIA	Croatia_EIA	Croatia_EIA	Ignore				
I23996	Croatia_EIA	Croatia_EIA	Croatia_EIA	Ignore				
I24638	Croatia_EIA	Croatia_EIA	Croatia_EIA	Ignore				
I24639	Croatia_EIA	Croatia_EIA	Croatia_EIA	Ignore				
I24879	Croatia_EIA	Croatia_EIA	Croatia_EIA	Ignore				
I24882	Croatia_EIA	Croatia_EIA	Croatia_EIA	Ignore				
I24883	Croatia_EIA	Croatia_EIA	Croatia_EIA	Ignore				
I5723	Croatia_EIA	Croatia_EIA	Croatia_EIA	Ignore				
I5724	Croatia_EIA	Croatia_EIA	Croatia_EIA	Ignore				
I5725	Croatia_EIA	Croatia_EIA	Croatia_EIA	Ignore				
I5726	Croatia_EIA	Croatia_EIA	Croatia_EIA	Ignore				
I5727	Croatia_EIA	Croatia_EIA	Croatia_EIA	Ignore				
I5728	Croatia_EIA	Croatia_EIA	Croatia_EIA	Ignore				
I5729	Croatia_EIA	Croatia_EIA	Croatia_EIA	Ignore				
I18831	Croatia_LIA	Croatia_LIA	Croatia_LIA	Ignore				
ART004	Turkey_Arslantepe_LateC	Anatolia_LC_to_EBA	Ignore	Ignore				
ART005	Turkey_Arslantepe_LateC	Anatolia_LC_to_EBA	Ignore	Ignore				
ART012	Turkey_Arslantepe_LateC	Anatolia_LC_to_EBA	Ignore	Ignore				
ART014	Turkey_Arslantepe_LateC	Anatolia_LC_to_EBA	Ignore	Ignore				
ART015	Turkey_Arslantepe_LateC	Anatolia_LC_to_EBA	Ignore	Ignore				
ART017	Turkey_Arslantepe_LateC	Anatolia_LC_to_EBA	Ignore	Ignore				
ART018	Turkey_Arslantepe_LateC	Anatolia_LC_to_EBA	Ignore	Ignore				
ART019	Turkey_Arslantepe_LateC	Anatolia_LC_to_EBA	Ignore	Ignore				
ART020_d	Turkey_Arslantepe_LateC	Anatolia_LC_to_EBA	Ignore	Ignore				
ART022	Turkey_Arslantepe_LateC	Anatolia_LC_to_EBA	Ignore	Ignore				
ART023	Turkey_Arslantepe_LateC	Anatolia_LC_to_EBA	Ignore	Ignore				
ART026	Turkey_Arslantepe_LateC	Anatolia_LC_to_EBA	Ignore	Ignore				
ART027_d	Turkey_Arslantepe_LateC	Anatolia_LC_to_EBA	Ignore	Ignore				
ART032	Turkey_Arslantepe_LateC	Anatolia_LC_to_EBA	Ignore	Ignore				
ART038	Turkey_Arslantepe_LateC	Anatolia_LC_to_EBA	Ignore	Ignore				
ART039	Turkey_Arslantepe_LateC	Anatolia_LC_to_EBA	Ignore	Ignore				
ART042	Turkey_Arslantepe_LateC	Anatolia_LC_to_EBA	Ignore	Ignore				
CAM001	Italy_Tuscany_Siena_Etruscan	Italy_Etruscan	Ignore	Ignore				
CAM002	Italy_Tuscany_Siena_Etruscan	Italy_Etruscan	Ignore	Ignore				
CAM003	Italy_Tuscany_Siena_Etruscan	Italy_Etruscan	Ignore	Ignore				
CBT001	Turkey_CamlibelTarlasi_LateC	Anatolia_LC_to_EBA	Ignore	Ignore				
CBT003	Turkey_CamlibelTarlasi_LateC	Anatolia_LC_to_EBA	Ignore	Ignore				
CBT004	Turkey_CamlibelTarlasi_LateC	Anatolia_LC_to_EBA	Ignore	Ignore				
CBT005	Turkey_CamlibelTarlasi_LateC	Anatolia_LC_to_EBA	Ignore	Ignore				
CBT010	Turkey_CamlibelTarlasi_LateC	Anatolia_LC_to_EBA	Ignore	Ignore				
CBT011	Turkey_CamlibelTarlasi_LateC	Anatolia_LC_to_EBA	Ignore	Ignore				
CBT014	Turkey_CamlibelTarlasi_LateC	Anatolia_LC_to_EBA	Ignore	Ignore				
CBT015	Turkey_CamlibelTarlasi_LateC	Anatolia_LC_to_EBA	Ignore	Ignore				
CBT016	Turkey_CamlibelTarlasi_LateC	Anatolia_LC_to_EBA	Ignore	Ignore				
CBT018	Turkey_Buyukkaya_EC	Anatolia_EC_to_EMC	Ignore	Ignore				
CSN001	Italy_Tuscany_Grosseto_Etruscan	Italy_Etruscan	Ignore	Ignore				
CSN003	Italy_Tuscany_Grosseto_Etruscan	Italy_Etruscan	Ignore	Ignore				
CSN004	Italy_Tuscany_Grosseto_Etruscan	Italy_Etruscan	Ignore	Ignore				
CSN005	Italy_Tuscany_Grosseto_Etruscan	Italy_Etruscan	Ignore	Ignore				
CSN006	Italy_Tuscany_Grosseto_Etruscan	Italy_Etruscan	Ignore	Ignore				
CSN007	Italy_Tuscany_Grosseto_Etruscan	Italy_Etruscan	Ignore	Ignore				
CSN008	Italy_Tuscany_Grosseto_Etruscan	Italy_Etruscan	Ignore	Ignore				
CSN009	Italy_Tuscany_Grosseto_Etruscan	Italy_Etruscan	Ignore	Ignore				
CSN010	Italy_Tuscany_Grosseto_Etruscan	Italy_Etruscan	Ignore	Ignore				
CSN013	Italy_Tuscany_Grosseto_Etruscan	Italy_Etruscan	Ignore	Ignore				
ETR005	Italy_Tuscany_Siena_Etruscan	Italy_Etruscan	Ignore	Ignore				
FIL004	Italy_Sardinia_C	Sardinia_C	Ignore	Ignore				
I10542	Turkey_C	Anatolia_C	Ignore	Ignore				
I10543	Turkey_C	Anatolia_C	Ignore	Ignore				
I10545	Turkey_C	Anatolia_C	Ignore	Ignore				
I10547	Turkey_C	Anatolia_C	Ignore	Ignore				
I10943	Sicily_Himera_480BCE_3	Ignore	Ignore	Ignore				
I10944	Sicily_Himera_480BCE_4	Ignore	Ignore	Ignore				
I10945	Sicily_Himera_480BCE_1	Sicily_Classical_Greek	Ignore	Ignore				
I10946	Sicily_Himera_480BCE_2	Ignore	Ignore	Ignore				
I10947	Sicily_Himera_480BCE_4	Ignore	Ignore	Ignore				
I10948	Sicily_Himera_480BCE_1	Sicily_Classical_Greek	Ignore	Ignore				
I10949	Sicily_Himera_480BCE_3	Ignore	Ignore	Ignore				
I10950	Sicily_Himera_480BCE_2	Ignore	Ignore	Ignore				
I10951	Sicily_Himera_480BCE_5	Ignore	Ignore	Ignore				
I10952	Sicily_Himera_480BCE_1	Sicily_Classical_Greek	Ignore	Ignore				
I14627	Turkey_KurikiHoyuk_C	Anatolia_C	Ignore	Ignore				
I14675	Italy_Sardinia_C_MonteClaro	Sardinia_C	Ignore	Ignore				
I14676	Italy_Sardinia_C_MonteClaro	Sardinia_C	Ignore	Ignore				
I14677	Italy_Sardinia_C_MonteClaro	Sardinia_C	Ignore	Ignore				
I14678	Italy_Sardinia_C_MonteClaro	Sardinia_C	Ignore	Ignore				
I14730	Turkey_KurikiHoyuk_C	Anatolia_C	Ignore	Ignore				
I1584	Turkey_C	Anatolia_C	Ignore	Ignore				
I1584_noUDG	Turkey_C	Anatolia_C	Ignore	Ignore				
I15941	Italy_Sardinia_N	Sardinia_N	Ignore	Ignore				
I15942	Italy_Sardinia_N	Sardinia_N	Ignore	Ignore				
I15943	Italy_Sardinia_N	Sardinia_N	Ignore	Ignore				
I15945	Italy_Sardinia_N	Sardinia_N	Ignore	Ignore				
I15946	Italy_Sardinia_N	Sardinia_N	Ignore	Ignore				
I16164	Italy_Sardinia_C	Sardinia_C	Ignore	Ignore				
I16165	Italy_Sardinia_N	Sardinia_N	Ignore	Ignore				
I16166	Italy_Sardinia_N	Sardinia_N	Ignore	Ignore				
I16168	Italy_Sardinia_N	Sardinia_N	Ignore	Ignore				
I16169	Italy_Sardinia_N	Sardinia_N	Ignore	Ignore				
I16183	Italy_Sardinia_N	Sardinia_N	Ignore	Ignore				
I16253	Albania_IA	Albania_BA_to_IA	Ignore	Ignore				
I17432	Sicily_Himera_EastNecropolis	Ignore	Ignore	Ignore				
I17622	Albania_BA_IA_lc	Ignore	Ignore	Ignore				
I17640	Albania_BA_IA_lc	Ignore	Ignore	Ignore				
I17866	Sicily_Himera_409BCE	Sicily_Classical_Greek	Ignore	Ignore				
I17884	Sicily_Himera_409BCE	Sicily_Classical_Greek	Ignore	Ignore				
I20163	Sicily_Himera_Civilians	Ignore	Ignore	Ignore				
I20166	Sicily_Himera_Civilians	Ignore	Ignore	Ignore				
I20168	Sicily_Himera_Civilians	Ignore	Ignore	Ignore				
I20502	Croatia_C	Croatia_C	Ignore	Ignore				
I4480	Turkey_LateC_EBA	Anatolia_LC_to_EBA	Ignore	Ignore				
I7217	Sicily_Himera_480BCE_1	Sicily_Classical_Greek	Ignore	Ignore				
I7218	Sicily_Himera_480BCE_1	Sicily_Classical_Greek	Ignore	Ignore				
I7219	Sicily_Himera_480BCE_1	Sicily_Classical_Greek	Ignore	Ignore				
I7221	Sicily_Himera_480BCE_1	Sicily_Classical_Greek	Ignore	Ignore				
I7223	Sicily_Himera_409BCE	Sicily_Classical_Greek	Ignore	Ignore				
I7224	Sicily_Himera_409BCE	Sicily_Classical_Greek	Ignore	Ignore				
I7225	Sicily_Himera_409BCE	Sicily_Classical_Greek	Ignore	Ignore				
IKI002	Turkey_Ikiztepe_LateC	Anatolia_LC_to_EBA	Ignore	Ignore				
IKI006	Turkey_Ikiztepe_LateC	Anatolia_LC_to_EBA	Ignore	Ignore				
IKI009	Turkey_Ikiztepe_LateC	Anatolia_LC_to_EBA	Ignore	Ignore				
IKI012	Turkey_Ikiztepe_LateC	Anatolia_LC_to_EBA	Ignore	Ignore				
IKI016	Turkey_Ikiztepe_LateC	Anatolia_LC_to_EBA	Ignore	Ignore				
IKI017	Turkey_Ikiztepe_LateC	Anatolia_LC_to_EBA	Ignore	Ignore				
IKI019	Turkey_Ikiztepe_LateC	Anatolia_LC_to_EBA	Ignore	Ignore				
IKI020	Turkey_Ikiztepe_LateC	Anatolia_LC_to_EBA	Ignore	Ignore				
IKI024	Turkey_Ikiztepe_LateC	Anatolia_LC_to_EBA	Ignore	Ignore				
IKI030	Turkey_Ikiztepe_LateC	Anatolia_LC_to_EBA	Ignore	Ignore				
IKI034	Turkey_Ikiztepe_LateC	Anatolia_LC_to_EBA	Ignore	Ignore				
IKI036	Turkey_Ikiztepe_LateC	Anatolia_LC_to_EBA	Ignore	Ignore				
IKI037	Turkey_Ikiztepe_LateC	Anatolia_LC_to_EBA	Ignore	Ignore				
IKI038	Turkey_Ikiztepe_LateC	Anatolia_LC_to_EBA	Ignore	Ignore				
KRD001	Turkey_TellKurdu_EC	Anatolia_EC_to_EMC	Ignore	Ignore				
KRD002	Turkey_TellKurdu_EMC	Anatolia_EC_to_EMC	Ignore	Ignore				
KRD003	Turkey_TellKurdu_EC	Anatolia_EC_to_EMC	Ignore	Ignore				
KRD004	Turkey_TellKurdu_EC	Anatolia_EC_to_EMC	Ignore	Ignore				
KRD005	Turkey_TellKurdu_EC	Anatolia_EC_to_EMC	Ignore	Ignore				
KRD006	Turkey_TellKurdu_EC	Anatolia_EC_to_EMC	Ignore	Ignore				
LON003	Italy_Sardinia_N	Sardinia_N	Ignore	Ignore				
MAG001	Italy_Tuscany_Grosseto_Etruscan	Italy_Etruscan	Ignore	Ignore				
MAS004	Italy_Tuscany_Grosseto_Etruscan	Italy_Etruscan	Ignore	Ignore				
NOE001	Italy_Sardinia_N	Sardinia_N	Ignore	Ignore				
NOE002	Italy_Sardinia_N	Sardinia_N	Ignore	Ignore				
PRZ001	Italy_Tuscany_Siena_Etruscan	Italy_Etruscan	Ignore	Ignore				
PRZ002	Italy_Tuscany_Siena_Etruscan	Italy_Etruscan	Ignore	Ignore				
SEC001	Italy_Sardinia_LateC	Sardinia_LateC	Ignore	Ignore				
SEC002	Italy_Sardinia_LateC	Sardinia_LateC	Ignore	Ignore				
SEC004	Italy_Sardinia_LateC	Sardinia_LateC	Ignore	Ignore				
SEC005	Italy_Sardinia_LateC	Sardinia_LateC	Ignore	Ignore				
SEC006	Italy_Sardinia_LateC	Sardinia_LateC	Ignore	Ignore				
SID005	Italy_Sardinia_N	Sardinia_N	Ignore	Ignore				
SID006	Italy_Sardinia_C	Sardinia_C	Ignore	Ignore				
SUC008	Italy_Sardinia_N	Sardinia_N	Ignore	Ignore				
TAQ002	Italy_Lazio_Viterbo_Etruscan	Italy_Etruscan	Ignore	Ignore				
TAQ004	Italy_Lazio_Viterbo_Etruscan	Italy_Etruscan	Ignore	Ignore				
TAQ006	Italy_Lazio_Viterbo_Etruscan	Italy_Etruscan	Ignore	Ignore				
TAQ007	Italy_Lazio_Viterbo_Etruscan	Italy_Etruscan	Ignore	Ignore				
TAQ008	Italy_Lazio_Viterbo_Etruscan	Italy_Etruscan	Ignore	Ignore				
TAQ010	Italy_Lazio_Viterbo_Etruscan	Italy_Etruscan	Ignore	Ignore				
TAQ012	Italy_Lazio_Viterbo_Etruscan	Italy_Etruscan	Ignore	Ignore				
TAQ013	Italy_Lazio_Viterbo_Etruscan	Italy_Etruscan	Ignore	Ignore				
TAQ015	Italy_Lazio_Viterbo_Etruscan	Italy_Etruscan	Ignore	Ignore				
TAQ016	Italy_Lazio_Viterbo_Etruscan	Italy_Etruscan	Ignore	Ignore				
TAQ019	Italy_Lazio_Viterbo_Etruscan	Italy_Etruscan	Ignore	Ignore				
TAQ023	Italy_Lazio_Viterbo_Etruscan	Italy_Etruscan	Ignore	Ignore				
TAQ024	Italy_Lazio_Viterbo_Etruscan	Italy_Etruscan	Ignore	Ignore				
VET001	Italy_Tuscany_Grosseto_Etruscan	Italy_Etruscan	Ignore	Ignore				
VET002	Italy_Tuscany_Grosseto_Etruscan	Italy_Etruscan	Ignore	Ignore				
VET003_4	Italy_Tuscany_Grosseto_Etruscan	Italy_Etruscan	Ignore	Ignore				
VET007	Italy_Tuscany_Grosseto_Etruscan	Italy_Etruscan	Ignore	Ignore				
VET010	Italy_Tuscany_Grosseto_Etruscan	Italy_Etruscan	Ignore	Ignore				
VET011	Italy_Tuscany_Grosseto_Etruscan	Italy_Etruscan	Ignore	Ignore				
VEU001	Italy_Tuscany_Grosseto_Etruscan	Italy_Etruscan	Ignore	Ignore				
VOL001	Italy_Tuscany_Pisa_Etruscan	Italy_Etruscan	Ignore	Ignore				
R10338.SG	Italy_TarquiniaMonterozzi_IA.SG	Italy_IA	Italy_IA	Ignore				
R10339.SG	Italy_TarquiniaMonterozzi_IA.SG	Italy_IA	Italy_IA	Ignore				
R10340.SG	Italy_TarquiniaMonterozzi_IA.SG	Italy_IA	Italy_IA	Ignore				
R10342.SG	Italy_TarquiniaMonterozzi_IA.SG	Italy_IA	Italy_IA	Ignore				
R10343.SG	Italy_TarquiniaMonterozzi_IA.SG	Italy_IA	Italy_IA	Ignore				
R10344.SG	Italy_TarquiniaMonterozzi_IA.SG	Italy_IA	Italy_IA	Ignore				
R10359.SG	Italy_TarquiniaMonterozzi_IA.SG	Italy_IA	Italy_IA	Ignore				
R10361.SG	Italy_TarquiniaMonterozzi_IA.SG	Italy_IA	Italy_IA	Ignore				
R10363.SG	Italy_TarquiniaMonterozzi_IA.SG	Italy_IA	Italy_IA	Ignore				
I2477	Italy_North_BellBeaker_2	Italy_North_BellBeaker_2	Italy_North_BellBeaker_2	Ignore				
I2478	Italy_North_BellBeaker_3	Italy_North_BellBeaker_3	Italy_North_BellBeaker_3	Ignore				
F4_I.SG	Italy_CasalBertone_RomanImperial	Italy_RomanImperial	Italy_RomanImperial	Ignore				
MAS002	Italy_Tuscany_Grosseto_Imperial	Italy_RomanImperial	Italy_RomanImperial	Ignore				
T21.SG	Italy_CasalBertone_RomanImperial	Italy_RomanImperial	Italy_RomanImperial	Ignore				
T46.SG	Italy_CasalBertone_RomanImperial	Italy_RomanImperial	Italy_RomanImperial	Ignore				
TAQ020	Italy_Lazio_Viterbo_Imperial	Italy_RomanImperial	Italy_RomanImperial	Ignore				
TAQ021	Italy_Lazio_Viterbo_Imperial	Italy_RomanImperial	Italy_RomanImperial	Ignore				
I13170	Montenegro_IA	Montenegro_IA	Montenegro_IA	Ignore				
I13170_v54.1_addback	Montenegro_IA	Montenegro_IA	Montenegro_IA	Ignore				
I10166	Macedonia_Classical_Hellenistic	NorthMakedonia_Classic_Hellenistic	NorthMakedonia_Classic_Hellenistic	Ignore				
I10167	Macedonia_Classical_Hellenistic	NorthMakedonia_Classic_Hellenistic	NorthMakedonia_Classic_Hellenistic	Ignore				
I10390	Macedonia_Classical_Hellenistic	NorthMakedonia_Classic_Hellenistic	NorthMakedonia_Classic_Hellenistic	Ignore				
I10391	Macedonia_Classical_Hellenistic	NorthMakedonia_Classic_Hellenistic	NorthMakedonia_Classic_Hellenistic	Ignore				
I10377	Macedonia_IA	NorthMakedonia_IA	NorthMakedonia_IA	Ignore				
I10378	Macedonia_IA	NorthMakedonia_IA	NorthMakedonia_IA	Ignore				
I10379	Macedonia_IA	NorthMakedonia_IA	NorthMakedonia_IA	Ignore				
I10381	Macedonia_IA	NorthMakedonia_IA	NorthMakedonia_IA	Ignore				
I10382	Macedonia_IA	NorthMakedonia_IA	NorthMakedonia_IA	Ignore				
I10383	Macedonia_IA	NorthMakedonia_IA	NorthMakedonia_IA	Ignore				
I10384	Macedonia_IA	NorthMakedonia_IA	NorthMakedonia_IA	Ignore				
I10385	Macedonia_IA	NorthMakedonia_IA	NorthMakedonia_IA	Ignore				
I10387	Macedonia_IA	NorthMakedonia_IA	NorthMakedonia_IA	Ignore				
I10388	Macedonia_IA	NorthMakedonia_IA	NorthMakedonia_IA	Ignore				
I10389	Macedonia_IA	NorthMakedonia_IA	NorthMakedonia_IA	Ignore				
I7233	Macedonia_IA	NorthMakedonia_IA	NorthMakedonia_IA	Ignore				
I8112	Macedonia_IA	NorthMakedonia_IA	NorthMakedonia_IA	Ignore				
TIR008	Tiryns_IA	Peloponnese_IA	Peloponnese_IA	Ignore				
ORC001	Italy_Sardinia_BA_Nuragic	Sardinia_BA	Sardinia_BA	Ignore				
ORC003	Italy_Sardinia_BA_Nuragic	Sardinia_BA	Sardinia_BA	Ignore				
ORC004	Italy_Sardinia_BA_Nuragic	Sardinia_BA	Sardinia_BA	Ignore				
ORC005	Italy_Sardinia_BA_Nuragic	Sardinia_BA	Sardinia_BA	Ignore				
ORC006	Italy_Sardinia_BA_Nuragic	Sardinia_BA	Sardinia_BA	Ignore				
ORC007	Italy_Sardinia_BA_Nuragic	Sardinia_BA	Sardinia_BA	Ignore				
ORC008	Italy_Sardinia_BA_Nuragic	Sardinia_BA	Sardinia_BA	Ignore				
ORC009	Italy_Sardinia_BA_Nuragic	Sardinia_BA	Sardinia_BA	Ignore				
SUA001_d	Italy_Sardinia_BA_Nuragic	Sardinia_BA	Sardinia_BA	Ignore				
SUA003	Italy_Sardinia_BA_Nuragic	Sardinia_BA	Sardinia_BA	Ignore				
SUA006	Italy_Sardinia_BA_Nuragic	Sardinia_BA	Sardinia_BA	Ignore				
I3743	Italy_Sardinia_EBA	Sardinia_EBA	Sardinia_EBA	Ignore				
ISB001	Italy_Sardinia_EBA	Sardinia_EBA	Sardinia_EBA	Ignore				
ISC001	Italy_Sardinia_EBA_Nuragic	Sardinia_EBA	Sardinia_EBA	Ignore				
LON001	Italy_Sardinia_EBA	Sardinia_EBA	Sardinia_EBA	Ignore				
PJU002	Italy_Sardinia_EBA	Sardinia_EBA	Sardinia_EBA	Ignore				
S1249	Italy_Sardinia_EBA	Sardinia_EBA	Sardinia_EBA	Ignore				
S1250	Italy_Sardinia_EBA	Sardinia_EBA	Sardinia_EBA	Ignore				
S1252	Italy_Sardinia_EBA	Sardinia_EBA	Sardinia_EBA	Ignore				
S1253	Italy_Sardinia_EBA	Sardinia_EBA	Sardinia_EBA	Ignore				
SUA002	Italy_Sardinia_EBA	Sardinia_EBA	Sardinia_EBA	Ignore				
SUA005	Italy_Sardinia_EBA	Sardinia_EBA	Sardinia_EBA	Ignore				
SUA007	Italy_Sardinia_EBA	Sardinia_EBA	Sardinia_EBA	Ignore				
SUC001	Italy_Sardinia_EBA	Sardinia_EBA	Sardinia_EBA	Ignore				
SUC003	Italy_Sardinia_EBA	Sardinia_EBA	Sardinia_EBA	Ignore				
SUC004	Italy_Sardinia_EBA	Sardinia_EBA	Sardinia_EBA	Ignore				
SUC005	Italy_Sardinia_EBA	Sardinia_EBA	Sardinia_EBA	Ignore				
SUC006	Italy_Sardinia_EBA	Sardinia_EBA	Sardinia_EBA	Ignore				
SUC007	Italy_Sardinia_EBA	Sardinia_EBA	Sardinia_EBA	Ignore				
SUC009	Italy_Sardinia_EBA	Sardinia_EBA	Sardinia_EBA	Ignore				
I10366	Italy_Sardinia_IA_1	Sardinia_IA	Sardinia_IA	Ignore				
I16163	Italy_Sardinia_IA_2	Sardinia_IA	Sardinia_IA	Ignore				
MSR002	Italy_Sardinia_IA_Punic_2	Sardinia_IA	Sardinia_IA	Ignore				
MSR003	Italy_Sardinia_IA_Punic_2	Sardinia_IA	Sardinia_IA	Ignore				
ORC002	Italy_Sardinia_IA_Punic_2	Sardinia_IA	Sardinia_IA	Ignore				
VIL004	Italy_Sardinia_IA_Punic_2	Sardinia_IA	Sardinia_IA	Ignore				
VIL006	Italy_Sardinia_IA_Punic_1	Sardinia_IA	Sardinia_IA	Ignore				
VIL007	Italy_Sardinia_IA_Punic_1	Sardinia_IA	Sardinia_IA	Ignore				
VIL009	Italy_Sardinia_IA_Punic_1	Sardinia_IA	Sardinia_IA	Ignore				
VIL010	Italy_Sardinia_IA_Punic_1	Sardinia_IA	Sardinia_IA	Ignore				
VIL011	Italy_Sardinia_IA_Punic_1	Sardinia_IA	Sardinia_IA	Ignore				
I10364	Italy_Sardinia_LBA	Sardinia_LBA	Sardinia_LBA	Ignore				
I10502	Italy_Sardinia_LBA	Sardinia_LBA	Sardinia_LBA	Ignore				
I10552	Italy_Sardinia_LBA	Sardinia_LBA	Sardinia_LBA	Ignore				
I10553	Italy_Sardinia_LBA	Sardinia_LBA	Sardinia_LBA	Ignore				
I10554	Italy_Sardinia_LBA	Sardinia_LBA	Sardinia_LBA	Ignore				
I3642	Italy_Sardinia_LBA	Sardinia_LBA	Sardinia_LBA	Ignore				
I3741	Italy_Sardinia_LBA	Sardinia_LBA	Sardinia_LBA	Ignore				
I16161	Italy_Sardinia_MBA	Sardinia_MBA	Sardinia_MBA	Ignore				
I16170	Italy_Sardinia_MBA	Sardinia_MBA	Sardinia_MBA	Ignore				
I16170_enhanced	Italy_Sardinia_MBA	Sardinia_MBA	Sardinia_MBA	Ignore				
AMC005	Italy_Sardinia_Roman	Sardinia_Roman	Sardinia_Roman	Ignore				
AMC014	Italy_Sardinia_Roman	Sardinia_Roman	Sardinia_Roman	Ignore				
I13125_tv	Sicily_IA	Sicily_IA	Sicily_IA	Ignore				
I13128_tv	Sicily_IA	Sicily_IA	Sicily_IA	Ignore				
I13376	Sicily_IA	Sicily_IA	Sicily_IA	Ignore				
I13377	Sicily_IA	Sicily_IA	Sicily_IA	Ignore				
I13378	Sicily_IA	Sicily_IA	Sicily_IA	Ignore				
I13379	Sicily_IA	Sicily_IA	Sicily_IA	Ignore				
I13380	Sicily_IA	Sicily_IA	Sicily_IA	Ignore				
I13381	Sicily_IA	Sicily_IA	Sicily_IA	Ignore				
I13382	Sicily_IA	Sicily_IA	Sicily_IA	Ignore				
I13383	Sicily_IA	Sicily_IA	Sicily_IA	Ignore				
I13384	Sicily_IA	Sicily_IA	Sicily_IA	Ignore				
I13385	Sicily_IA	Sicily_IA	Sicily_IA	Ignore				
I13386	Sicily_IA	Sicily_IA	Sicily_IA	Ignore				
I13387	Sicily_IA	Sicily_IA	Sicily_IA	Ignore				
I13389	Sicily_IA	Sicily_IA	Sicily_IA	Ignore				
I13390	Sicily_IA	Sicily_IA	Sicily_IA	Ignore				
I13391	Sicily_IA	Sicily_IA	Sicily_IA	Ignore				
I13392	Sicily_IA	Sicily_IA	Sicily_IA	Ignore				
I13393	Sicily_IA	Sicily_IA	Sicily_IA	Ignore				
I13394	Sicily_IA	Sicily_IA	Sicily_IA	Ignore				
I13395	Sicily_IA	Sicily_IA	Sicily_IA	Ignore				
I17959	Greece_Delphi_IA	Sterea_Ellada_IA	Sterea_Ellada_IA	Ignore				
I17962	Greece_Delphi_IA	Sterea_Ellada_IA	Sterea_Ellada_IA	Ignore				
I7833	Greece_Roman	Sterea_Ellada_Roman	Sterea_Ellada_Roman	Ignore				
Ten_Pel_Arch_1	Ten_Pel_Arch_1	Tenea_Archaic	Tenea_Archaic	Ignore				
Ten_Pel_Arch_2	Ten_Pel_Arch_2	Tenea_Archaic	Tenea_Archaic	Ignore				
Ten_Pel_EarlyRom	Ten_Pel_EarlyRom	Tenea_EarlyRoman	Tenea_EarlyRoman	Ignore				
Ten_Pel_Hel	Ten_Pel_Hel	Tenea_Hellenistic	Tenea_Hellenistic	Ignore				
Ten_Pel_Rom_1	Ten_Pel_Rom_1	Tenea_Roman	Tenea_Roman	Ignore				
Ten_Pel_Rom_2	Ten_Pel_Rom_2	Tenea_Roman	Tenea_Roman	Ignore				
Ten_Pel_Rom_3	Ten_Pel_Rom_3	Tenea_Roman	Tenea_Roman	Ignore				
Ten_Pel_Rom_4	Ten_Pel_Rom_4	Tenea_Roman	Tenea_Roman	Ignore				
Ten_Pel_Rom_5	Ten_Pel_Rom_5	Tenea_Roman	Tenea_Roman	Ignore				
I5243	Serbia_IronGates_MBA	Serbia_MBA	Serbia_MBA	Iron_Gates_MBA	REF	REF		
I0861	Israel_Natufian	Israel_Natufian	Israel_Natufian	Israel_Natufian	REF	REF		
I0861_d	Israel_Natufian	Israel_Natufian	Israel_Natufian	Israel_Natufian	REF	REF		
I1069	Israel_Natufian	Israel_Natufian	Israel_Natufian	Israel_Natufian	REF	REF		
I1072_d	Israel_Natufian	Israel_Natufian	Israel_Natufian	Israel_Natufian	REF	REF		
I1690	Israel_Natufian	Israel_Natufian	Israel_Natufian	Israel_Natufian	REF	REF		
I2158	Italy_Sicily_HG_OrienteC	Italy_HG	Italy_HG	Italy_HG	REF	REF		
Ostuni2_d	Italy_South_HG_Ostuni2	Italy_HG	Italy_HG	Italy_HG	REF	REF		
RIP001_noUDG	Italy_Tagliente_LPaleolithic	Italy_HG	Italy_HG	Italy_HG	REF	REF		
Villabruna_noUDG	Italy_North_Villabruna_HG	Italy_HG	Italy_HG	Italy_HG	REF	REF		
I1979	Italy_North_BellBeaker_1	Italy_North_BellBeaker_1	Italy_North_BellBeaker_1	Italy_Sicily_LN2LBA				
I11442	Italy_Sicily_EBA	Sicily_EBA	Sicily_EBA	Italy_Sicily_LN2LBA				
I3122	Italy_Sicily_EBA	Sicily_EBA	Sicily_EBA	Italy_Sicily_LN2LBA				
I3123	Italy_Sicily_EBA	Sicily_EBA	Sicily_EBA	Italy_Sicily_LN2LBA				
I3124	Italy_Sicily_EBA	Sicily_EBA	Sicily_EBA	Italy_Sicily_LN2LBA				
I4383	Italy_Sicily_EBA	Sicily_EBA	Sicily_EBA	Italy_Sicily_LN2LBA				
I7774_d	Italy_Sicily_EBA	Sicily_EBA	Sicily_EBA	Italy_Sicily_LN2LBA				
I7796	Italy_Sicily_EBA	Sicily_EBA	Sicily_EBA	Italy_Sicily_LN2LBA				
I7800	Italy_Sicily_EBA	Sicily_EBA	Sicily_EBA	Italy_Sicily_LN2LBA				
I7805	Italy_Sicily_EBA	Sicily_EBA	Sicily_EBA	Italy_Sicily_LN2LBA				
I7807	Italy_Sicily_EBA	Sicily_EBA	Sicily_EBA	Italy_Sicily_LN2LBA				
UZZ057_noUDG	Italy_Sicily_EBA	Sicily_EBA	Sicily_EBA	Italy_Sicily_LN2LBA				
I10371	Italy_Sicily_LBA	Sicily_LBA	Sicily_LBA	Italy_Sicily_LN2LBA				
I10372	Italy_Sicily_LBA	Sicily_LBA	Sicily_LBA	Italy_Sicily_LN2LBA				
I3876	Italy_Sicily_LBA	Sicily_LBA	Sicily_LBA	Italy_Sicily_LN2LBA				
I3878	Italy_Sicily_LBA	Sicily_LBA	Sicily_LBA	Italy_Sicily_LN2LBA				
I10092	Israel_MLBA	Israel_MLBA	Israel_MLBA	Levante_BA	REF	REF		
I10093	Israel_MLBA	Israel_MLBA	Israel_MLBA	Levante_BA	REF	REF		
I10097	Israel_MLBA	Israel_MLBA	Israel_MLBA	Levante_BA	REF	REF		
I10099	Israel_MLBA	Israel_MLBA	Israel_MLBA	Levante_BA	REF	REF		
I10101	Israel_MLBA	Israel_MLBA	Israel_MLBA	Levante_BA	REF	REF		
I10104	Israel_MLBA	Israel_MLBA	Israel_MLBA	Levante_BA	REF	REF		
I10106	Israel_MLBA	Israel_MLBA	Israel_MLBA	Levante_BA	REF	REF		
I10263	Israel_MLBA	Israel_MLBA	Israel_MLBA	Levante_BA	REF	REF		
I10264	Israel_MLBA	Israel_MLBA	Israel_MLBA	Levante_BA	REF	REF		
I10265	Israel_MLBA	Israel_MLBA	Israel_MLBA	Levante_BA	REF	REF		
I10266	Israel_MLBA	Israel_MLBA	Israel_MLBA	Levante_BA	REF	REF		
I10268	Israel_MLBA	Israel_MLBA	Israel_MLBA	Levante_BA	REF	REF		
I10359	Israel_MLBA	Israel_MLBA	Israel_MLBA	Levante_BA	REF	REF		
I10768	Israel_MLBA	Israel_MLBA	Israel_MLBA	Levante_BA	REF	REF		
I10770	Israel_MLBA	Israel_MLBA	Israel_MLBA	Levante_BA	REF	REF		
I10771	Israel_MLBA	Israel_MLBA	Israel_MLBA	Levante_BA	REF	REF		
I1934	Israel_MLBA	Israel_MLBA	Israel_MLBA	Levante_BA	REF	REF		
I2062	Israel_MLBA	Israel_MLBA	Israel_MLBA	Levante_BA	REF	REF		
I2190	Israel_MLBA	Israel_MLBA	Israel_MLBA	Levante_BA	REF	REF		
I2195	Israel_MLBA	Israel_MLBA	Israel_MLBA	Levante_BA	REF	REF		
I2198	Israel_MLBA	Israel_MLBA	Israel_MLBA	Levante_BA	REF	REF		
I3832	Israel_MLBA	Israel_MLBA	Israel_MLBA	Levante_BA	REF	REF		
I3965	Israel_MLBA	Israel_MLBA	Israel_MLBA	Levante_BA	REF	REF		
I3966	Israel_MLBA	Israel_MLBA	Israel_MLBA	Levante_BA	REF	REF		
I4518	Israel_MLBA	Israel_MLBA	Israel_MLBA	Levante_BA	REF	REF		
I4519	Israel_MLBA	Israel_MLBA	Israel_MLBA	Levante_BA	REF	REF		
I4525	Israel_MLBA	Israel_MLBA	Israel_MLBA	Levante_BA	REF	REF		
I6922	Israel_MLBA	Israel_MLBA	Israel_MLBA	Levante_BA	REF	REF		
I6923	Israel_MLBA	Israel_MLBA	Israel_MLBA	Levante_BA	REF	REF		
I6924	Israel_MLBA	Israel_MLBA	Israel_MLBA	Levante_BA	REF	REF		
I6928	Israel_MLBA	Israel_MLBA	Israel_MLBA	Levante_BA	REF	REF		
I7002	Israel_MLBA	Israel_MLBA	Israel_MLBA	Levante_BA	REF	REF		
I7003	Israel_MLBA	Israel_MLBA	Israel_MLBA	Levante_BA	REF	REF		
I7182	Israel_MLBA	Israel_MLBA	Israel_MLBA	Levante_BA	REF	REF		
I8187	Israel_MLBA	Israel_MLBA	Israel_MLBA	Levante_BA	REF	REF		
I3705	Jordan_LBA	Jordan_LBA	Jordan_LBA	Levante_BA	REF	REF		
I3706	Jordan_LBA	Jordan_LBA	Jordan_LBA	Levante_BA	REF	REF		
I3707	Jordan_LBA	Jordan_LBA	Jordan_LBA	Levante_BA	REF	REF		
I3985	Jordan_LBA	Jordan_LBA	Jordan_LBA	Levante_BA	REF	REF		
I3987	Jordan_LBA	Jordan_LBA	Jordan_LBA	Levante_BA	REF	REF		
I6459	Jordan_LBA	Jordan_LBA	Jordan_LBA	Levante_BA	REF	REF		
I6460	Jordan_LBA	Jordan_LBA	Jordan_LBA	Levante_BA	REF	REF		
I6462	Jordan_LBA	Jordan_LBA	Jordan_LBA	Levante_BA	REF	REF		
I6464	Jordan_LBA	Jordan_LBA	Jordan_LBA	Levante_BA	REF	REF		
I6564	Jordan_LBA	Jordan_LBA	Jordan_LBA	Levante_BA	REF	REF		
I6565	Jordan_LBA	Jordan_LBA	Jordan_LBA	Levante_BA	REF	REF		
I6566	Jordan_LBA	Jordan_LBA	Jordan_LBA	Levante_BA	REF	REF		
I6567	Jordan_LBA	Jordan_LBA	Jordan_LBA	Levante_BA	REF	REF		
I6569	Jordan_LBA	Jordan_LBA	Jordan_LBA	Levante_BA	REF	REF		
I6570	Jordan_LBA	Jordan_LBA	Jordan_LBA	Levante_BA	REF	REF		
I6571	Jordan_LBA	Jordan_LBA	Jordan_LBA	Levante_BA	REF	REF		
I6572	Jordan_LBA	Jordan_LBA	Jordan_LBA	Levante_BA	REF	REF		
APO004	Aposelemis_N	Crete_N	Crete_N	Neolithic_EastMed_1				
APO028	Aposelemis_N	Crete_N	Crete_N	Neolithic_EastMed_1				
APO029	Aposelemis_N	Crete_N	Crete_N	Neolithic_EastMed_1				
APO037	Aposelemis_N	Crete_N	Crete_N	Neolithic_EastMed_1				
APO043	Aposelemis_N	Crete_N	Crete_N	Neolithic_EastMed_1				
APO044	Aposelemis_N	Crete_N	Crete_N	Neolithic_EastMed_1				
I0676	Macedonia_N	NorthMakedonia_N	Ignore	Neolithic_EastMed_1				
I0707	Turkey_N	Anatolia_N	Ignore	Neolithic_EastMed_1				
I0708	Turkey_N	Anatolia_N	Ignore	Neolithic_EastMed_1				
I0709	Turkey_N	Anatolia_N	Ignore	Neolithic_EastMed_1				
I0723	Turkey_N	Anatolia_N	Ignore	Neolithic_EastMed_1				
I0723_enhanced	Turkey_N	Anatolia_N	Ignore	Neolithic_EastMed_1				
I0724	Turkey_N	Anatolia_N	Ignore	Neolithic_EastMed_1				
I0724_enhanced	Turkey_N	Anatolia_N	Ignore	Neolithic_EastMed_1				
I0726	Turkey_N	Anatolia_N	Ignore	Neolithic_EastMed_1				
I0727	Turkey_N	Anatolia_N	Ignore	Neolithic_EastMed_1				
I0727_enhanced	Turkey_N	Anatolia_N	Ignore	Neolithic_EastMed_1				
I0736	Turkey_N	Anatolia_N	Ignore	Neolithic_EastMed_1				
I0744	Turkey_N	Anatolia_N	Ignore	Neolithic_EastMed_1				
I0745	Turkey_N	Anatolia_N	Ignore	Neolithic_EastMed_1				
I0746	Turkey_N	Anatolia_N	Ignore	Neolithic_EastMed_1				
I1096	Turkey_N	Anatolia_N	Ignore	Neolithic_EastMed_1				
I1097	Turkey_N	Anatolia_N	Ignore	Neolithic_EastMed_1				
I1098	Turkey_N	Anatolia_N	Ignore	Neolithic_EastMed_1				
I1099	Turkey_N	Anatolia_N	Ignore	Neolithic_EastMed_1				
I1100	Turkey_N	Anatolia_N	Ignore	Neolithic_EastMed_1				
I1101	Turkey_N	Anatolia_N	Ignore	Neolithic_EastMed_1				
I1102	Turkey_N	Anatolia_N	Ignore	Neolithic_EastMed_1				
I1103	Turkey_N	Anatolia_N	Ignore	Neolithic_EastMed_1				
I11949	Turkey_N	Anatolia_N	Ignore	Neolithic_EastMed_1				
I1579	Turkey_N	Anatolia_N	Ignore	Neolithic_EastMed_1				
I1579_enhanced	Turkey_N	Anatolia_N	Ignore	Neolithic_EastMed_1				
I1580	Turkey_N	Anatolia_N	Ignore	Neolithic_EastMed_1				
I1580_enhanced	Turkey_N	Anatolia_N	Ignore	Neolithic_EastMed_1				
I1581	Turkey_N	Anatolia_N	Ignore	Neolithic_EastMed_1				
I1581_enhanced	Turkey_N	Anatolia_N	Ignore	Neolithic_EastMed_1				
I1583	Turkey_N	Anatolia_N	Ignore	Neolithic_EastMed_1				
I1583_enhanced	Turkey_N	Anatolia_N	Ignore	Neolithic_EastMed_1				
I1585	Turkey_N	Anatolia_N	Ignore	Neolithic_EastMed_1				
I1585_enhanced	Turkey_N	Anatolia_N	Ignore	Neolithic_EastMed_1				
I3121_noUDG	Turkey_N_noUDG	Anatolia_N	Ignore	Neolithic_EastMed_1				
I3881	Macedonia_N	NorthMakedonia_N	Ignore	Neolithic_EastMed_1				
UZZ033_noUDG	Italy_Sicily_N_Stentinello	Sicily_N	Ignore	Neolithic_EastMed_1				
UZZ034_noUDG	Italy_Sicily_N_Stentinello	Sicily_N	Ignore	Neolithic_EastMed_1				
UZZ061_noUDG	Italy_Sicily_MN	Sicily_MN	Ignore	Neolithic_EastMed_1				
UZZ074_noUDG	Italy_Sicily_N_Stentinello	Sicily_N	Ignore	Neolithic_EastMed_1				
UZZ075_noUDG	Italy_Sicily_N_Stentinello	Sicily_N	Ignore	Neolithic_EastMed_1				
UZZ077_noUDG	Italy_Sicily_EN	Sicily_EN	Ignore	Neolithic_EastMed_1				
UZZ087_noUDG	Italy_Sicily_N_Stentinello	Sicily_N	Ignore	Neolithic_EastMed_1				
Klei10_noUDG.SG	Greece_LN_2.SG	Greece	NorthGreece_N	Neolithic_EastMed_1				
Nea2.SG	Greece_NeaNikomedeia_EN.SG	NorthGreece_EN	NorthGreece_N	Neolithic_EastMed_1				
Nea3.SG	Greece_NeaNikomedeia_EN.SG	NorthGreece_EN	NorthGreece_N	Neolithic_EastMed_1				
Pal7_noUDG.SG	Greece_LN_2.SG	Greece	NorthGreece_N	Neolithic_EastMed_1				
Rev5_noUDG.SG	Greece_N.SG	NorthGreece_N	NorthGreece_N	Neolithic_EastMed_1				
I2318	Greece_Peloponnese_N	Peloponnese_N	Peloponnese_N	Neolithic_EastMed_1				
I2937	Greece_Peloponnese_N	Peloponnese_N	Peloponnese_N	Neolithic_EastMed_1				
I2937_noUDG	Greece_Peloponnese_N_noUDG	Peloponnese_N	Peloponnese_N	Neolithic_EastMed_1				
I3708	Greece_Peloponnese_N	Peloponnese_N	Peloponnese_N	Neolithic_EastMed_1				
I3709	Greece_Peloponnese_N	Peloponnese_N	Peloponnese_N	Neolithic_EastMed_1				
I3920	Greece_Peloponnese_N	Peloponnese_N	Peloponnese_N	Neolithic_EastMed_1				
I5427	Greece_N	Peloponnese_N	Peloponnese_N	Neolithic_EastMed_1				
ZHAG_BON004.A0101_Luk10	Turkey_Boncuklu_N	Anatolia_Boncuklu_N	Anatolia_Boncuklu_N	Neolithic_EastMed_2				
ZHAJ_BON034.A0101_Luk9	Turkey_Boncuklu_N	Anatolia_Boncuklu_N	Anatolia_Boncuklu_N	Neolithic_EastMed_2				
ZHJ_BON024.A0101_Luk84	Turkey_Boncuklu_N	Anatolia_Boncuklu_N	Anatolia_Boncuklu_N	Neolithic_EastMed_2				
ZKO_BON001.A0101_Luk7	Turkey_Boncuklu_N	Anatolia_Boncuklu_N	Anatolia_Boncuklu_N	Neolithic_EastMed_2				
ZMOJ_BON014.A0101_Luk21	Turkey_Boncuklu_N	Anatolia_Boncuklu_N	Anatolia_Boncuklu_N	Neolithic_EastMed_2				
I4062	Italy_Sicily_MN	Sicily_MN	Ignore	Neolithic_EastMed_2				
I4063	Italy_Sicily_MN	Sicily_MN	Ignore	Neolithic_EastMed_2				
I4064	Italy_Sicily_MN	Sicily_MN	Ignore	Neolithic_EastMed_2				
I4065	Italy_Sicily_MN	Sicily_MN	Ignore	Neolithic_EastMed_2				
UZZ099_noUDG	Italy_Sicily_MN	Sicily_MN	Ignore	Neolithic_EastMed_2				
I4936	Italy_Sicily_BellBeaker	Sicily_BellBeaker	Sicily_BellBeaker	Neolithic_EastMed_2				
AY2003	Russia_Steppe_Maikop	Russia_Steppe_Maikop	Russia_Steppe_Maikop	Russia_Steppe_Maikop	REF	REF		
SA6001	Russia_Steppe_Maikop	Russia_Steppe_Maikop	Russia_Steppe_Maikop	Russia_Steppe_Maikop	REF	REF		
SA6004	Russia_Steppe_Maikop	Russia_Steppe_Maikop	Russia_Steppe_Maikop	Russia_Steppe_Maikop	REF	REF		
KRO009	Krousonas_LBA	Crete_LBA	Crete_LBA	Thessaly_MBA-like				
XAN030	Chania_LBA	Crete_LBA	Crete_LBA	Thessaly_MBA-like				
XAN051	Chania_LBA	Crete_LBA	Crete_LBA	Thessaly_MBA-like				
Log02.SG	Greece_Logkas_MBA.SG	Thessaly_MBA	Thessaly_MBA	Thessaly_MBA-like				
Log04.SG	Greece_Logkas_MBA.SG	Thessaly_MBA	Thessaly_MBA	Thessaly_MBA-like				